facility,community_id,community_size
IND673027AAB,0,43
IND679531AAA,0,43
IND686028AAB,0,43
IND683572AAA,0,43
IND670643AAA,0,43
IND673639AAA,0,43
IND690548AAA,0,43
IND680712AAA,0,43
IND000000AFG,0,43
IND673632AAA,0,43
IND000000ADM,0,43
IND679303AAA,0,43
IND68004AAA,0,43
IND686141AAA,0,43
IND676306AAA,0,43
IND678583AAA,0,43
IND676509AAA,0,43
IND673104AAA,0,43
IND678683AAA,0,43
IND689650AAA,0,43
IND686540AAA,0,43
IND683511AAA,0,43
IND680104AAA,0,43
IND689101AAA,0,43
IND679329AAA,0,43
IND683565AAA,0,43
IND680307AAA,0,43
IND690537AAA,0,43
IND686507AAA,0,43
IND680012AAA,0,43
IND679576AAA,0,43
IND000000AFR,0,43
IND689503AAB,0,43
IND686632AAA,0,43
IND680587AAA,0,43
IND686513AAA,0,43
IND673506AAA,0,43
IND688524AAA,0,43
IND688009AAA,0,43
IND679322AAA,0,43
IND000000ABD,0,43
IND000000ABA,0,43
IND673305AAA,0,43
IND285001AAD,1,122
IND207001AAA,1,122
IND121004AAC,1,122
IND110087AAA,1,122
IND110046AAA,1,122
IND110005AAA,1,122
IND201301AAM,1,122
IND209101AAA,1,122
IND282005AAA,1,122
IND203396AAB,1,122
IND000000ACB,1,122
IND282001AAC,1,122
IND201301AAL,1,122
IND283122AAB,1,122
IND121004AAB,1,122
IND203135AAA,1,122
IND122503AAA,1,122
IND202001AAC,1,122
IND110020AAB,1,122
IND210431AAA,1,122
IND242307AAB,1,122
IND201007AAA,1,122
IND283203AAA,1,122
IND127021AAA,1,122
IND207247AAB,1,122
IND285205AAB,1,122
IND110083AAA,1,122
IND207123AAA,1,122
IND203001AAA,1,122
IND205001AAB,1,122
IND110043AAA,1,122
IND282001AAF,1,122
IND242221AAA,1,122
IND000000AEL,1,122
IND110014AAA,1,122
IND110085AAA,1,122
IND282002AAD,1,122
IND110085AAB,1,122
IND209625AAA,1,122
IND281121AAB,1,122
IND203205AAA,1,122
IND204215AAA,1,122
IND122015AAC,1,122
IND201301AAD,1,122
IND209206AAB,1,122
IND122004AAA,1,122
IND321022AAA,1,122
IND110095AAB,1,122
IND110078AAA,1,122
IND121102AAA,1,122
IND110064AAA,1,122
IND811399AAA,1,122
IND123001AAA,1,122
IND124141AAA,1,122
IND203390AAA,1,122
IND202001AAB,1,122
IND205135AAA,1,122
IND121002AAB,1,122
IND209111AAA,1,122
IND210501AAB,1,122
IND208019AAA,1,122
IND245101AAA,1,122
IND328001AAA,1,122
IND201001AAA,1,122
IND242001AAA,1,122
IND562132AAC,1,122
IND110052AAA,1,122
IND301705AAA,1,122
IND121002AAA,1,122
IND210427AAA,1,122
IND210301AAA,1,122
IND207302AAA,1,122
IND201001AAC,1,122
IND208017AAA,1,122
IND206122AAA,1,122
IND208006AAA,1,122
IND281004AAA,1,122
IND122413AAE,1,122
IND245304AAA,1,122
IND122001AAD,1,122
IND110093AAA,1,122
IND208012AAA,1,122
IND209721AAB,1,122
IND110024AAA,1,122
IND209304AAA,1,122
IND122002AAD,1,122
IND212601AAA,1,122
IND302022AAD,1,122
IND127201AAA,1,122
IND201306AAA,1,122
IND122001AAA,1,122
IND110039AAA,1,122
IND110044AAB,1,122
IND110035AAC,1,122
IND209801AAA,1,122
IND241124AAB,1,122
IND122050AAA,1,122
IND110043AAC,1,122
IND206001AAA,1,122
IND121001AAA,1,122
IND201304AAA,1,122
IND203131AAA,1,122
IND123401AAB,1,122
IND281401AAA,1,122
IND210001AAA,1,122
IND201301AAF,1,122
IND123106AAB,1,122
IND301019AAA,1,122
IND110030AAD,1,122
IND124103AAA,1,122
IND121004AAA,1,122
IND201307AAA,1,122
IND110037AAM,1,122
IND110092AAC,1,122
IND110077AAA,1,122
IND122101AAC,1,122
IND201007AAB,1,122
IND201005AAA,1,122
IND110037AAK,1,122
IND226004AAC,1,122
IND204101AAA,1,122
IND282001AAA,1,122
IND605601AAA,2,7
IND606201AAC,2,7
IND607106AAA,2,7
IND636102AAA,2,7
IND607801AAA,2,7
IND606003AAA,2,7
IND606105AAA,2,7
IND501359AAG,3,5
IND000000ACK,3,5
IND501359AAF,3,5
IND000000ABG,3,5
IND000000ACN,3,5
IND600044AAC,4,4
IND000000ADV,4,4
IND600008AAA,4,4
IND600016AAB,4,4
IND110037AAB,5,3
IND000000AEM,5,3
IND110064AAB,5,3
IND734203AAA,6,3
IND000000AFF,6,3
IND734214AAB,6,3
IND400064AAB,7,58
IND421302AAH,7,58
IND410206AAB,7,58
IND444303AAA,7,58
IND400705AAA,7,58
IND421601AAB,7,58
IND410206AAA,7,58
IND422605AAA,7,58
IND400072AAA,7,58
IND410210AAA,7,58
IND400037AAA,7,58
IND421302AAS,7,58
IND400015AAA,7,58
IND410209AAA,7,58
IND400016AAA,7,58
IND421302AAF,7,58
IND400706AAA,7,58
IND421301AAA,7,58
IND413709AAA,7,58
IND400072AAD,7,58
IND443301AAA,7,58
IND400015AAB,7,58
IND400011AAA,7,58
IND423701AAB,7,58
IND401209AAA,7,58
IND400102AAB,7,58
IND444203AAA,7,58
IND401104AAB,7,58
IND400701AAB,7,58
IND396191AAB,7,58
IND000000AAZ,7,58
IND423109AAA,7,58
IND400612AAA,7,58
IND000000AFT,7,58
IND421401AAC,7,58
IND400072AAB,7,58
IND444005AAB,7,58
IND401104AAA,7,58
IND400072AAJ,7,58
IND421302AAG,7,58
IND444602AAA,7,58
IND401209AAB,7,58
IND422011AAD,7,58
IND421502AAA,7,58
IND410401AAA,7,58
IND401208AAA,7,58
IND443201AAA,7,58
IND421302AAR,7,58
IND400052AAA,7,58
IND400016AAB,7,58
IND400102AAC,7,58
IND400072AAC,7,58
IND421004AAA,7,58
IND423601AAA,7,58
IND421302AAN,7,58
IND422103AAC,7,58
IND400078AAB,7,58
IND400701AAA,7,58
IND335701AAA,8,21
IND125001AAA,8,21
IND125033AAA,8,21
IND335804AAD,8,21
IND335513AAA,8,21
IND335523AAB,8,21
IND125111AAA,8,21
IND125005AAA,8,21
IND335501AAA,8,21
IND335524AAA,8,21
IND335803AAA,8,21
IND125047AAB,8,21
IND335703AAA,8,21
IND335001AAA,8,21
IND331701AAA,8,21
IND125050AAA,8,21
IND125121AAA,8,21
IND335051AAA,8,21
IND125051AAA,8,21
IND124112AAA,8,21
IND125104AAA,8,21
IND131028AAA,9,2
IND131021AAA,9,2
IND174101AAB,10,83
IND176110AAB,10,83
IND148102AAA,10,83
IND152026AAA,10,83
IND160002AAD,10,83
IND147001AAB,10,83
IND152116AAA,10,83
IND174103AAA,10,83
IND173212AAA,10,83
IND181201AAB,10,83
IND140603AAA,10,83
IND142401AAA,10,83
IND140501AAA,10,83
IND144601AAA,10,83
IND140401AAA,10,83
IND151505AAA,10,83
IND147201AAA,10,83
IND147105AAA,10,83
IND175101AAA,10,83
IND184104AAA,10,83
IND141115AAA,10,83
IND140001AAA,10,83
IND152101AAA,10,83
IND135001AAA,10,83
IND181152AAB,10,83
IND181152AAA,10,83
IND144514AAA,10,83
IND144001AAA,10,83
IND147001AAD,10,83
IND177033AAA,10,83
IND144001AAB,10,83
IND134109AAA,10,83
IND177001AAA,10,83
IND147101AAA,10,83
IND142026AAA,10,83
IND000000ACA,10,83
IND152107AAA,10,83
IND175018AAA,10,83
IND144401AAB,10,83
IND142001AAB,10,83
IND143001AAA,10,83
IND144040AAA,10,83
IND148001AAA,10,83
IND134102AAA,10,83
IND147301AAA,10,83
IND133004AAA,10,83
IND141109AAA,10,83
IND152123AAA,10,83
IND140301AAA,10,83
IND141003AAB,10,83
IND148028AAA,10,83
IND160055AAA,10,83
IND148101AAA,10,83
IND174021AAA,10,83
IND140901AAA,10,83
IND148024AAB,10,83
IND151103AAA,10,83
IND134203AAA,10,83
IND173025AAA,10,83
IND144527AAA,10,83
IND184121AAA,10,83
IND140118AAA,10,83
IND174001AAA,10,83
IND176048AAA,10,83
IND141010AAA,10,83
IND176215AAA,10,83
IND173220AAA,10,83
IND160102AAC,10,83
IND176061AAA,10,83
IND151302AAA,10,83
IND144001AAC,10,83
IND148023AAA,10,83
IND160002AAC,10,83
IND175001AAA,10,83
IND151506AAA,10,83
IND160102AAD,10,83
IND174307AAA,10,83
IND151001AAA,10,83
IND175015AAA,10,83
IND176041AAA,10,83
IND152024AAA,10,83
IND140406AAA,10,83
IND160003AAA,10,83
IND176310AAA,11,4
IND176303AAA,11,4
IND145001AAA,11,4
IND176201AAA,11,4
IND176001AAB,12,4
IND176001AAA,12,4
IND177203AAA,12,4
IND177101AAA,12,4
IND224001AAA,13,3
IND224122AAA,13,3
IND224141AAB,13,3
IND226024AAA,14,3
IND226016AAA,14,3
IND226004AAA,14,3
IND132103AAA,15,71
IND244221AAA,15,71
IND244301AAA,15,71
IND263401AAA,15,71
IND132039AAA,15,71
IND263002AAA,15,71
IND251001AAA,15,71
IND251201AAA,15,71
IND243503AAB,15,71
IND244501AAA,15,71
IND131028AAB,15,71
IND248122AAB,15,71
IND000000ACT,15,71
IND248001AAD,15,71
IND246761AAA,15,71
IND244412AAA,15,71
IND247667AAA,15,71
IND246444AAB,15,71
IND250002AAA,15,71
IND243301AAB,15,71
IND263139AAA,15,71
IND244715AAA,15,71
IND132103AAB,15,71
IND246701AAA,15,71
IND262405AAA,15,71
IND136118AAA,15,71
IND126112AAA,15,71
IND126116AAA,15,71
IND131028AAE,15,71
IND251309AAB,15,71
IND262122AAB,15,71
IND244235AAA,15,71
IND126102AAA,15,71
IND246763AAA,15,71
IND201204AAA,15,71
IND246149AAA,15,71
IND263601AAA,15,71
IND132001AAA,15,71
IND124507AAA,15,71
IND249407AAA,15,71
IND250221AAA,15,71
IND246001AAA,15,71
IND136128AAA,15,71
IND244901AAB,15,71
IND262501AAA,15,71
IND247667AAB,15,71
IND136027AAA,15,71
IND244001AAA,15,71
IND243001AAA,15,71
IND243201AAA,15,71
IND263645AAA,15,71
IND246725AAB,15,71
IND248001AAA,15,71
IND247554AAA,15,71
IND246424AAA,15,71
IND244601AAB,15,71
IND244921AAB,15,71
IND131301AAA,15,71
IND244713AAA,15,71
IND250609AAA,15,71
IND124001AAB,15,71
IND248197AAA,15,71
IND249201AAA,15,71
IND263153AAB,15,71
IND262001AAA,15,71
IND247776AAA,15,71
IND246174AAA,15,71
IND250611AAA,15,71
IND250002AAC,15,71
IND244901AAC,15,71
IND243002AAA,15,71
IND261201AAB,16,5
IND261001AAA,16,5
IND262802AAA,16,5
IND262723AAB,16,5
IND262701AAA,16,5
IND271201AAA,17,3
IND271210AAA,17,3
IND271001AAA,17,3
IND272207AAB,18,2
IND272153AAC,18,2
IND274001AAA,19,17
IND277303AAC,19,17
IND272175AAA,19,17
IND274402AAA,19,17
IND273303AAA,19,17
IND273155AAA,19,17
IND272001AAA,19,17
IND273304AAA,19,17
IND272155AAA,19,17
IND221706AAA,19,17
IND274304AAA,19,17
IND277211AAA,19,17
IND273014AAB,19,17
IND274301AAB,19,17
IND274509AAB,19,17
IND277201AAA,19,17
IND274304AAB,19,17
IND303603AAB,20,20
IND302033AAB,20,20
IND303901AAA,20,20
IND304001AAA,20,20
IND303008AAB,20,20
IND303303AAA,20,20
IND322241AAA,20,20
IND322201AAA,20,20
IND303503AAA,20,20
IND302006AAC,20,20
IND322230AAA,20,20
IND302006AAA,20,20
IND302026AAA,20,20
IND302020AAA,20,20
IND302023AAA,20,20
IND302004AAA,20,20
IND303301AAB,20,20
IND303338AAB,20,20
IND302014AAB,20,20
IND322001AAC,20,20
IND331001A1C,21,2
IND331022A1B,21,2
IND312403AAA,22,73
IND342601AAA,22,73
IND311301AAA,22,73
IND344022AAB,22,73
IND334803AAA,22,73
IND303106AAA,22,73
IND306401AAB,22,73
IND341306AAA,22,73
IND458001AAB,22,73
IND303702AAB,22,73
IND333504AAA,22,73
IND306304AAB,22,73
IND333042AAA,22,73
IND305624AAA,22,73
IND305601AAC,22,73
IND458990AAA,22,73
IND333502AAA,22,73
IND306902AAA,22,73
IND332709AAA,22,73
IND332404AAA,22,73
IND343029AAB,22,73
IND332001AAB,22,73
IND313001AAB,22,73
IND334001AAB,22,73
IND341030AAA,22,73
IND342902A1B,22,73
IND343001AAA,22,73
IND342005AAD,22,73
IND341303AAA,22,73
IND341001AAC,22,73
IND307001AAA,22,73
IND341510AAB,22,73
IND321606AAA,22,73
IND306001AAA,22,73
IND305001AAC,22,73
IND321001AAA,22,73
IND312601AAA,22,73
IND321001AAB,22,73
IND327001AAB,22,73
IND321408AAB,22,73
IND342301AAA,22,73
IND306116AAA,22,73
IND305802AAA,22,73
IND331023AAA,22,73
IND331507AAA,22,73
IND341505AAA,22,73
IND458664AAA,22,73
IND312001AAA,22,73
IND331304AAA,22,73
IND333031AAA,22,73
IND345021AAA,22,73
IND303108AAB,22,73
IND301001AAB,22,73
IND332713AAA,22,73
IND342602AAC,22,73
IND332715AAB,22,73
IND344001AAA,22,73
IND345001AAA,22,73
IND341503AAB,22,73
IND305404AAA,22,73
IND333001AAA,22,73
IND311001AAA,22,73
IND313324AAA,22,73
IND302014AAA,22,73
IND341512AAA,22,73
IND342902AAA,22,73
IND305901AAA,22,73
IND333028AAA,22,73
IND334001AAC,22,73
IND303002AAA,22,73
IND311302AAA,22,73
IND321401AAB,22,73
IND312605AAB,22,73
IND360050AAA,23,3
IND360003AAA,23,3
IND360311AAA,23,3
IND362720AAA,24,13
IND360490AAA,24,13
IND360410AAA,24,13
IND362150AAA,24,13
IND360575AAA,24,13
IND362265AAA,24,13
IND362220AAA,24,13
IND362001AAA,24,13
IND360510AAB,24,13
IND360370AAA,24,13
IND360530AAB,24,13
IND362560AAA,24,13
IND362225AAA,24,13
IND361335AAA,25,7
IND363621AAB,25,7
IND363641AAA,25,7
IND360002AAB,25,7
IND361315AAA,25,7
IND361001AAA,25,7
IND361305AAC,25,7
IND364710AAA,26,4
IND363421AAB,26,4
IND363001AAA,26,4
IND363520AAC,26,4
IND364001AAA,27,2
IND364270AAA,27,2
IND364004AAB,28,49
IND364290AAA,28,49
IND390022AAA,28,49
IND391110AAD,28,49
IND370201AAA,28,49
IND388121AAA,28,49
IND370110AAA,28,49
IND457226AAA,28,49
IND380006AAB,28,49
IND383255AAB,28,49
IND390020AAA,28,49
IND390018AAB,28,49
IND384170AAA,28,49
IND388320AAA,28,49
IND383001AAA,28,49
IND384265AAB,28,49
IND385320AAA,28,49
IND365560AAA,28,49
IND380005AAA,28,49
IND382430AAB,28,49
IND382715AAA,28,49
IND454001AAA,28,49
IND363330AAB,28,49
IND380054AAA,28,49
IND389230AAB,28,49
IND385340AAB,28,49
IND382721AAA,28,49
IND383315AAC,28,49
IND457001AAA,28,49
IND370001AAA,28,49
IND389151AAA,28,49
IND387001AAA,28,49
IND380021AAA,28,49
IND363310AAB,28,49
IND365560AAB,28,49
IND385535AAA,28,49
IND380006AAA,28,49
IND380015AAB,28,49
IND382421AAA,28,49
IND384355AAB,28,49
IND457661AAA,28,49
IND387620AAB,28,49
IND389001AAA,28,49
IND382345AAA,28,49
IND384205AAA,28,49
IND388620AAB,28,49
IND370615AAB,28,49
IND388220AAA,28,49
IND385001AAA,28,49
IND395001AAA,29,9
IND396321AAA,29,9
IND396580AAB,29,9
IND395006AAA,29,9
IND395004AAB,29,9
IND395009AAA,29,9
IND395023AAD,29,9
IND396445AAA,29,9
IND396001AAA,29,9
IND400072AAI,30,2
IND000000AFS,30,2
IND401602AAA,31,2
IND401501AAA,31,2
IND402301AAA,32,3
IND402109AAA,32,3
IND402107AAA,32,3
IND403401AAA,33,6
IND403726AAB,33,6
IND403002AAA,33,6
IND403601AAA,33,6
IND403507AAB,33,6
IND403507AAA,33,6
IND416606AAA,34,40
IND403726AAA,34,40
IND671315AAA,34,40
IND574216AAA,34,40
IND574211AAA,34,40
IND576101AAA,34,40
IND575014AAA,34,40
IND580028AAA,34,40
IND582209AAA,34,40
IND587103AAB,34,40
IND591302AAB,34,40
IND581343AAC,34,40
IND591307AAC,34,40
IND403702AAA,34,40
IND580002AAA,34,40
IND575004AAB,34,40
IND581334AAA,34,40
IND574117AAA,34,40
IND581325AAA,34,40
IND000000ACO,34,40
IND581320AAA,34,40
IND581400AAB,34,40
IND416602AAC,34,40
IND582101AAB,34,40
IND576201AAA,34,40
IND671323AAD,34,40
IND574202AAA,34,40
IND574104AAA,34,40
IND581303AAA,34,40
IND574227AAA,34,40
IND590016AAA,34,40
IND591126AAA,34,40
IND574239AAA,34,40
IND416510AAA,34,40
IND574221AAA,34,40
IND591123AAC,34,40
IND580030AAA,34,40
IND591115AAB,34,40
IND581314AAA,34,40
IND591102AAA,34,40
IND412105AAC,35,2
IND411017AAA,35,2
IND411057AAF,36,2
IND411033AAB,36,2
IND431136AAC,37,64
IND431001AAB,37,64
IND396191AAC,37,64
IND415124AAA,37,64
IND431001AAA,37,64
IND413002AAA,37,64
IND414502AAA,37,64
IND412210AAC,37,64
IND431122AAA,37,64
IND413401AAA,37,64
IND415409AAB,37,64
IND431603AAA,37,64
IND431131AAB,37,64
IND431112AAB,37,64
IND586101AAA,37,64
IND431708AAA,37,64
IND431717AAA,37,64
IND395010AAB,37,64
IND413307AAC,37,64
IND413307AAB,37,64
IND396232AAA,37,64
IND410503AAA,37,64
IND412803AAB,37,64
IND413517AAA,37,64
IND431515AAA,37,64
IND410505AAB,37,64
IND415301AAB,37,64
IND431203AAA,37,64
IND415709AAA,37,64
IND396105AAA,37,64
IND411033AAA,37,64
IND416012AAA,37,64
IND413304AAA,37,64
IND431517AAB,37,64
IND394221AAA,37,64
IND431127AAA,37,64
IND414203AAB,37,64
IND416404AAA,37,64
IND411014AAA,37,64
IND411021AAA,37,64
IND414001AAA,37,64
IND395023AAA,37,64
IND411036AAA,37,64
IND415003AAA,37,64
IND410501AAF,37,64
IND431107AAB,37,64
IND416122AAA,37,64
IND591304AAA,37,64
IND413531AAA,37,64
IND396210AAA,37,64
IND421802AAA,37,64
IND000000AAL,37,64
IND413501AAA,37,64
IND591237AAB,37,64
IND411043AAA,37,64
IND415612AAA,37,64
IND415408AAC,37,64
IND586101AAB,37,64
IND591201AAA,37,64
IND415605AAA,37,64
IND431514AAA,37,64
IND411048AAA,37,64
IND431401AAA,37,64
IND414302AAB,37,64
IND450331AAA,38,19
IND425412AAA,38,19
IND424201AAA,38,19
IND431103AAA,38,19
IND425405AAA,38,19
IND423105AAA,38,19
IND452001AAC,38,19
IND425201AAA,38,19
IND424304AAC,38,19
IND423106AAA,38,19
IND425409AAA,38,19
IND451666AAA,38,19
IND425109AAA,38,19
IND424006AAA,38,19
IND425508AAB,38,19
IND423301AAB,38,19
IND425406AAA,38,19
IND424101AAA,38,19
IND425401AAA,38,19
IND441206AAB,39,3
IND442605AAA,39,3
IND441603AAA,39,3
IND441614AAA,40,2
IND481001AAA,40,2
IND441904AAB,41,3
IND441912AAA,41,3
IND441107AAB,41,3
IND442101AAB,42,3
IND445001AAB,42,3
IND442001AAA,42,3
IND440014AAA,43,2
IND445101AAA,43,2
IND480001AAA,44,42
IND484224AAA,44,42
IND483501AAA,44,42
IND483225AAA,44,42
IND480661AAA,44,42
IND466116AAA,44,42
IND462011AAA,44,42
IND487551AAA,44,42
IND484001AAA,44,42
IND465333AAA,44,42
IND465683AAA,44,42
IND482002AAA,44,42
IND465001AAA,44,42
IND470117AAA,44,42
IND480106AAA,44,42
IND465333A1B,44,42
IND465669AAB,44,42
IND484446AAA,44,42
IND480334AAA,44,42
IND487001AAB,44,42
IND842003AAB,44,42
IND484551AAA,44,42
IND464001AAA,44,42
IND462001AAA,44,42
IND461111AAA,44,42
IND464221AAA,44,42
IND487001AAA,44,42
IND466001AAA,44,42
IND462022AAA,44,42
IND462042AAA,44,42
IND461001AAA,44,42
IND470113AAA,44,42
IND460001AAA,44,42
IND470004AAA,44,42
IND481661AAA,44,42
IND470227AAB,44,42
IND464668AAA,44,42
IND473443AAA,44,42
IND480886AAA,44,42
IND484661AAE,44,42
IND483770AAA,44,42
IND462021AAA,44,42
IND474003AAA,45,50
IND276129AAA,45,50
IND476001AAA,45,50
IND276128AAA,45,50
IND211013AAA,45,50
IND222125AAB,45,50
IND275503AAA,45,50
IND284001AAA,45,50
IND473001AAA,45,50
IND222136AAA,45,50
IND486771AAA,45,50
IND471001AAA,45,50
IND211011AAA,45,50
IND221010AAB,45,50
IND233221AAC,45,50
IND211010AAB,45,50
IND221005A1A,45,50
IND476111AAA,45,50
IND488001AAA,45,50
IND276305AAA,45,50
IND275303AAA,45,50
IND221401AAA,45,50
IND284403AAA,45,50
IND472001AAA,45,50
IND232104AAB,45,50
IND233001AAA,45,50
IND477001AAA,45,50
IND475661AAB,45,50
IND485001AAC,45,50
IND276140AAA,45,50
IND221010AAA,45,50
IND486661AAA,45,50
IND223101AAB,45,50
IND477001AAB,45,50
IND212501AAA,45,50
IND222001AAA,45,50
IND275101AAA,45,50
IND473226AAA,45,50
IND212402AAA,45,50
IND485771AAA,45,50
IND221303AAA,45,50
IND221313AAA,45,50
IND231001AAA,45,50
IND232101AAB,45,50
IND473331AAA,45,50
IND211002AAB,45,50
IND473551AAA,45,50
IND486001AAA,45,50
IND211008AAA,45,50
IND232327AAA,45,50
IND231205AAA,46,7
IND231208AAA,46,7
IND486889AAA,46,7
IND231225AAB,46,7
IND231217AAA,46,7
IND486886AAA,46,7
IND231216AAA,46,7
IND491001AAA,47,4
IND490023AAA,47,4
IND493445AAB,47,4
IND494334AAB,47,4
IND492001AAB,48,2
IND492007AAA,48,2
IND493118AAC,49,3
IND491995AAB,49,3
IND495334AAB,49,3
IND495671AAA,50,2
IND495004AAA,50,2
IND496001AAA,51,2
IND495677AAA,51,2
IND505001AAA,52,23
IND504215AAA,52,23
IND502313AAA,52,23
IND505326AAB,52,23
IND505001AAB,52,23
IND503185AAA,52,23
IND505209AAA,52,23
IND504251AAA,52,23
IND502110AAA,52,23
IND505326AAA,52,23
IND505327AAA,52,23
IND503187AAA,52,23
IND505172AAA,52,23
IND504296AAA,52,23
IND505184AAC,52,23
IND503122AAA,52,23
IND504293AAA,52,23
IND505302AAB,52,23
IND504208AAB,52,23
IND505425AAA,52,23
IND503111AAC,52,23
IND504201AAA,52,23
IND505325AAA,52,23
IND500055AAC,53,98
IND500008AAD,53,98
IND507159AAA,53,98
IND500035AAD,53,98
IND509216AAC,53,98
IND500010AAB,53,98
IND500018AAA,53,98
IND500008AAC,53,98
IND585401AAA,53,98
IND507002AAA,53,98
IND586211AAA,53,98
IND521165AAA,53,98
IND534001AAA,53,98
IND500010AAA,53,98
IND506343AAA,53,98
IND533401AAA,53,98
IND122001AAJ,53,98
IND508277AAB,53,98
IND509203AAA,53,98
IND508248AAB,53,98
IND524201AAA,53,98
IND506164AAA,53,98
IND534260AAC,53,98
IND507123AAA,53,98
IND523002AAA,53,98
IND585222AAA,53,98
IND521301AAA,53,98
IND507167AAA,53,98
IND523226AAA,53,98
IND505503AAA,53,98
IND506132AAA,53,98
IND585307AAB,53,98
IND523201AAA,53,98
IND509001AAA,53,98
IND506169AAB,53,98
IND533106AAA,53,98
IND508206AAA,53,98
IND500055AAA,53,98
IND500032AAA,53,98
IND585314AAA,53,98
IND508001AAA,53,98
IND505467AAA,53,98
IND500039AAD,53,98
IND501101AAB,53,98
IND585104AAA,53,98
IND501141AAA,53,98
IND533262AAA,53,98
IND506002AAA,53,98
IND585211AAA,53,98
IND508252AAB,53,98
IND501218AAC,53,98
IND509358AAA,53,98
IND500008AAF,53,98
IND506167AAB,53,98
IND521225AAB,53,98
IND523105AAA,53,98
IND533242AAA,53,98
IND533308AAB,53,98
IND521105AAA,53,98
IND522647AAA,53,98
IND509324AAA,53,98
IND533201AAA,53,98
IND508223AAA,53,98
IND506143AAA,53,98
IND500050AAA,53,98
IND521333AAA,53,98
IND508207AAB,53,98
IND502295AAA,53,98
IND520011AAA,53,98
IND502220AAC,53,98
IND507111AAA,53,98
IND502286AAB,53,98
IND506001AAC,53,98
IND521201AAA,53,98
IND508213AAB,53,98
IND500039AAC,53,98
IND507303AAA,53,98
IND521185AAA,53,98
IND500084AAB,53,98
IND586128AAA,53,98
IND530012AAC,53,98
IND523230AAA,53,98
IND508116AAA,53,98
IND500080AAB,53,98
IND521001AAA,53,98
IND501359AAE,53,98
IND509301AAA,53,98
IND533003AAA,53,98
IND500035AAA,53,98
IND501301AAC,53,98
IND501401AAC,53,98
IND508377AAB,53,98
IND505122AAA,53,98
IND585330AAE,53,98
IND523316AAB,53,98
IND500039AAB,53,98
IND506314AAA,53,98
IND507117AAB,53,98
IND515401AAB,54,17
IND515201AAA,54,17
IND515411AAA,54,17
IND515761AAA,54,17
IND516390AAA,54,17
IND516360AAB,54,17
IND516001AAA,54,17
IND561202AAB,54,17
IND515591AAA,54,17
IND516227AAA,54,17
IND515865AAB,54,17
IND515134AAA,54,17
IND515671AAA,54,17
IND515801AAA,54,17
IND515004AAA,54,17
IND516269AAA,54,17
IND515301AAA,54,17
IND517408AAA,55,2
IND517325AAA,55,2
IND517644AAA,56,7
IND517583AAA,56,7
IND517501AAB,56,7
IND524132AAA,56,7
IND516115AAA,56,7
IND524101AAB,56,7
IND516101AAA,56,7
IND584101AAA,57,15
IND583121AAA,57,15
IND509103AAC,57,15
IND518501AAA,57,15
IND518222AAA,57,15
IND509124AAA,57,15
IND518102AAA,57,15
IND509103AAB,57,15
IND584128AAA,57,15
IND518422AAB,57,15
IND518002AAA,57,15
IND518206AAA,57,15
IND518124AAA,57,15
IND584123AAA,57,15
IND518401AAA,57,15
IND531163AAA,58,25
IND535591AAA,58,25
IND532201AAA,58,25
IND535001AAA,58,25
IND764073AAA,58,25
IND535501AAB,58,25
IND532440AAA,58,25
IND761200AAA,58,25
IND532001AAB,58,25
IND764059AAA,58,25
IND535558AAA,58,25
IND532222AAA,58,25
IND530018AAA,58,25
IND530043AAA,58,25
IND764020AAC,58,25
IND531001AAA,58,25
IND530012AAA,58,25
IND530026AAA,58,25
IND532127AAA,58,25
IND764071AAB,58,25
IND531036AAA,58,25
IND532421AAA,58,25
IND531162AAA,58,25
IND764001AAC,58,25
IND531116AAA,58,25
IND560027AAA,59,2
IND560099AAA,59,2
IND560048AAB,60,109
IND600044AAD,60,109
IND563131AAA,60,109
IND636705AAB,60,109
IND600016AAC,60,109
IND602105AAB,60,109
IND562108AAA,60,109
IND577002AAA,60,109
IND600056AAD,60,109
IND632006AAA,60,109
IND673573AAA,60,109
IND600110AAA,60,109
IND603301AAA,60,109
IND607001AAA,60,109
IND632301AAA,60,109
IND683511AAB,60,109
IND560066AAB,60,109
IND561203AAB,60,109
IND600056AAA,60,109
IND673121AAA,60,109
IND581110AAE,60,109
IND524003AAA,60,109
IND602001AAA,60,109
IND600016AAA,60,109
IND600056AAB,60,109
IND614715AAA,60,109
IND600083AAA,60,109
IND560099AAH,60,109
IND610001AAA,60,109
IND609110AAA,60,109
IND563125AAB,60,109
IND602024AAA,60,109
IND560043AAC,60,109
IND635601AAB,60,109
IND600008AAC,60,109
IND560099AAB,60,109
IND635207AAA,60,109
IND581402AAA,60,109
IND605010AAB,60,109
IND560300AAB,60,109
IND577126AAA,60,109
IND581115AAC,60,109
IND560002AAA,60,109
IND563131AAB,60,109
IND560085AAA,60,109
IND563101AAB,60,109
IND581119AAB,60,109
IND631003AAA,60,109
IND562132AAA,60,109
IND560058AAB,60,109
IND562125AAA,60,109
IND562101AAA,60,109
IND577535AAC,60,109
IND635802AAB,60,109
IND562114AAA,60,109
IND562159AAA,60,109
IND560060AAB,60,109
IND560083AAB,60,109
IND583227AAA,60,109
IND600013AAA,60,109
IND560064AAD,60,109
IND577401AAA,60,109
IND600116AAB,60,109
IND577432AAA,60,109
IND636352AAA,60,109
IND600119AAA,60,109
IND600004AAA,60,109
IND572101AAA,60,109
IND604303AAA,60,109
IND560064AAA,60,109
IND577598AAC,60,109
IND600044AAE,60,109
IND609602AAA,60,109
IND583101AAA,60,109
IND603102AAA,60,109
IND583231AAA,60,109
IND563116AAA,60,109
IND603203AAA,60,109
IND632402AAA,60,109
IND560077AAA,60,109
IND614809AAA,60,109
IND606801AAB,60,109
IND577501AAA,60,109
IND631501AAA,60,109
IND600048AAA,60,109
IND560067AAC,60,109
IND670645AAB,60,109
IND561207AAB,60,109
IND600076AAB,60,109
IND560058AAD,60,109
IND611001AAA,60,109
IND560099AAG,60,109
IND560078AAC,60,109
IND635001AAA,60,109
IND563130AAA,60,109
IND673592AAA,60,109
IND577201AAA,60,109
IND583119AAA,60,109
IND600073AAA,60,109
IND631102AAA,60,109
IND603001AAA,60,109
IND608001AAA,60,109
IND606803AAA,60,109
IND000000ACS,60,109
IND562117AAA,60,109
IND560300AAA,60,109
IND600032AAB,60,109
IND577522AAA,60,109
IND583201AAA,60,109
IND571440AAA,61,11
IND571124AAA,61,11
IND571430AAA,61,11
IND571105AAA,61,11
IND571213AAA,61,11
IND571602AAA,61,11
IND571301AAA,61,11
IND571111AAB,61,11
IND571114AAA,61,11
IND571313AAB,61,11
IND570020AAA,61,11
IND573116AAA,62,13
IND571104AAA,62,13
IND573103AAA,62,13
IND573134AAB,62,13
IND577132AAD,62,13
IND571426AAA,62,13
IND573142AAA,62,13
IND577116AAA,62,13
IND577101AAA,62,13
IND577598AAB,62,13
IND573201AAB,62,13
IND571432AAB,62,13
IND572201AAB,62,13
IND571438AAB,63,3
IND571401AAA,63,3
IND562160AAB,63,3
IND609001AAA,64,4
IND613104AAA,64,4
IND614018AAA,64,4
IND602001AAB,64,4
IND622001AAA,65,6
IND630002AAA,65,6
IND614804AAA,65,6
IND622407AAA,65,6
IND614602AAA,65,6
IND614616AAA,65,6
IND621212AAA,66,10
IND608301AAA,66,10
IND621010AAA,66,10
IND639104AAB,66,10
IND621704AAA,66,10
IND620012AAA,66,10
IND621211AAA,66,10
IND620020AAA,66,10
IND621112AAA,66,10
IND621802AAA,66,10
IND623701AAA,67,28
IND630561AAA,67,28
IND624619AAA,67,28
IND626607AAB,67,28
IND623704AAA,67,28
IND624202AAA,67,28
IND626138AAA,67,28
IND624703AAA,67,28
IND639001AAA,67,28
IND623315AAB,67,28
IND627756AAA,67,28
IND623526AAA,67,28
IND685514AAA,67,28
IND614620AAA,67,28
IND625008AAA,67,28
IND621306AAA,67,28
IND624001AAA,67,28
IND626117AAA,67,28
IND625532AAA,67,28
IND623503AAA,67,28
IND625106AAA,67,28
IND625218AAA,67,28
IND624601AAA,67,28
IND625516AAA,67,28
IND624101AAA,67,28
IND623407AAA,67,28
IND625531AAA,67,28
IND626123AAA,67,28
IND627117AAA,68,10
IND628801AAA,68,10
IND629179AAA,68,10
IND627005AAA,68,10
IND627811AAA,68,10
IND627657AAA,68,10
IND628613AAA,68,10
IND628204AAA,68,10
IND627401AAA,68,10
IND629001AAA,68,10
IND636005AAC,69,5
IND636016AAA,69,5
IND636005AAA,69,5
IND636402AAA,69,5
IND637211AAA,69,5
IND637301AAA,70,3
IND638052AAA,70,3
IND638001AAA,70,3
IND637001AAA,71,2
IND637408AAA,71,2
IND642001AAA,72,19
IND643231AAA,72,19
IND641664AAA,72,19
IND643001AAA,72,19
IND638701AAA,72,19
IND642126AAA,72,19
IND638401AAA,72,19
IND638501AAB,72,19
IND643217AAA,72,19
IND641008AAA,72,19
IND641607AAA,72,19
IND641011AAA,72,19
IND641001AAA,72,19
IND641006AAD,72,19
IND643212AAA,72,19
IND638657AAA,72,19
IND641654AAA,72,19
IND638452AAA,72,19
IND641062AAD,72,19
IND691001AAB,73,17
IND695012AAA,73,17
IND691574AAA,73,17
IND691506AAA,73,17
IND695541AAA,73,17
IND695012AAB,73,17
IND689645AAA,73,17
IND695614AAA,73,17
IND695609AAA,73,17
IND695101AAB,73,17
IND000000AFJ,73,17
IND695121AAA,73,17
IND691551AAA,73,17
IND695572AAB,73,17
IND691305AAA,73,17
IND690573AAA,73,17
IND695582AAA,73,17
IND700136AAG,74,3
IND712310AAA,74,3
IND700065AAB,74,3
IND722140AAA,75,64
IND722101AAA,75,64
IND723131AAA,75,64
IND743347AAA,75,64
IND721636AAB,75,64
IND722202AAA,75,64
IND723101AAA,75,64
IND700028AAB,75,64
IND722101AAC,75,64
IND000000AAQ,75,64
IND743270AAA,75,64
IND721102AAA,75,64
IND713103AAA,75,64
IND713205AAB,75,64
IND731204AAB,75,64
IND741316AAA,75,64
IND721133AAA,75,64
IND743513AAA,75,64
IND743395AAA,75,64
IND712310AAE,75,64
IND712311AAA,75,64
IND741201AAC,75,64
IND713303AAA,75,64
IND700026AAC,75,64
IND722154AAA,75,64
IND731301AAA,75,64
IND712124AAA,75,64
IND711409AAA,75,64
IND713145AAB,75,64
IND713148AAA,75,64
IND712602AAA,75,64
IND721602AAB,75,64
IND721306AAA,75,64
IND700144AAA,75,64
IND722101AAB,75,64
IND721134AAB,75,64
IND741101AAB,75,64
IND743235AAA,75,64
IND741502AAB,75,64
IND722122AAA,75,64
IND741121AAA,75,64
IND723130AAA,75,64
IND711303AAA,75,64
IND721139AAC,75,64
IND721507AAA,75,64
IND723202AAA,75,64
IND712410AAC,75,64
IND722143AAB,75,64
IND700088AAA,75,64
IND723133AAA,75,64
IND712406AAA,75,64
IND721212AAA,75,64
IND700065AAA,75,64
IND712103AAA,75,64
IND721401AAA,75,64
IND722151AAA,75,64
IND721501AAC,75,64
IND721434AAB,75,64
IND700136AAB,75,64
IND721253AAC,75,64
IND713364AAB,75,64
IND700053AAA,75,64
IND712612AAA,75,64
IND713128AAB,75,64
IND742149AAA,76,35
IND741156AAA,76,35
IND732103AAA,76,35
IND732103AAB,76,35
IND733134AAA,76,35
IND742148AAA,76,35
IND732139AAA,76,35
IND742121AAB,76,35
IND742102AAB,76,35
IND742202AAA,76,35
IND742225AAA,76,35
IND742121AAA,76,35
IND731237AAB,76,35
IND742223AAA,76,35
IND742147AAA,76,35
IND713130AAA,76,35
IND742137AAA,76,35
IND732123AAC,76,35
IND742401AAA,76,35
IND733129AAA,76,35
IND742101AAC,76,35
IND733128AAA,76,35
IND742303AAB,76,35
IND733102AAA,76,35
IND741126AAB,76,35
IND732202AAA,76,35
IND741123AAB,76,35
IND731224AAA,76,35
IND741165AAB,76,35
IND732204AAB,76,35
IND733124AAA,76,35
IND732138AAA,76,35
IND742226AAA,76,35
IND733140AAA,76,35
IND733129AAB,76,35
IND733202AAB,77,4
IND733202AAC,77,4
IND733201AAA,77,4
IND733210AAA,77,4
IND736135AAA,78,5
IND736165AAA,78,5
IND735224AAA,78,5
IND736146AAA,78,5
IND736101AAA,78,5
IND754103AAA,79,29
IND756100AAC,79,29
IND756019AAA,79,29
IND757037AAA,79,29
IND761020AAA,79,29
IND752030AAA,79,29
IND752050AAA,79,29
IND757001AAA,79,29
IND758001AAA,79,29
IND752055AAA,79,29
IND754211AAA,79,29
IND751014AAA,79,29
IND751002AAB,79,29
IND756032AAA,79,29
IND757024AAA,79,29
IND757041AAA,79,29
IND751021AAA,79,29
IND758034AAA,79,29
IND756045AAB,79,29
IND757025AAA,79,29
IND760003AAB,79,29
IND758035AAA,79,29
IND754022AAA,79,29
IND754142AAA,79,29
IND751015AAA,79,29
IND754160AAA,79,29
IND754202AAA,79,29
IND756029AAA,79,29
IND752056AAA,79,29
IND762001AAA,80,7
IND768004AAD,80,7
IND759122AAC,80,7
IND767001AAA,80,7
IND768028AAB,80,7
IND768028AAA,80,7
IND767017AAA,80,7
IND768201AAA,81,4
IND770001AAA,81,4
IND770017AAB,81,4
IND768216AAA,81,4
IND799250AAA,82,67
IND796081AAA,82,67
IND787001AAA,82,67
IND783370AAC,82,67
IND785682AAA,82,67
IND798601AAA,82,67
IND791109AAA,82,67
IND785634AAA,82,67
IND791110AAA,82,67
IND783348AAA,82,67
IND793001AAA,82,67
IND781335AAA,82,67
IND791125AAB,82,67
IND781018AAB,82,67
IND788713AAA,82,67
IND781124AAA,82,67
IND794101AAA,82,67
IND788806AAA,82,67
IND792110AAA,82,67
IND783370AAB,82,67
IND790001AAB,82,67
IND787059AAB,82,67
IND784101AAA,82,67
IND792130AAB,82,67
IND786184AAA,82,67
IND792103AAB,82,67
IND791102AAA,82,67
IND785612AAB,82,67
IND792001AAA,82,67
IND786602AAA,82,67
IND781354AAA,82,67
IND786190AAA,82,67
IND000000AAS,82,67
IND785690AAB,82,67
IND793150AAA,82,67
IND781018AAA,82,67
IND786125AAA,82,67
IND785621AAA,82,67
IND799008AAA,82,67
IND781001AAA,82,67
IND790114AAA,82,67
IND791111AAC,82,67
IND786001AAB,82,67
IND783301AAA,82,67
IND792121AAB,82,67
IND784110AAA,82,67
IND781014AAA,82,67
IND000000AET,82,67
IND784125AAA,82,67
IND792120AAB,82,67
IND786181AAC,82,67
IND783129AAA,82,67
IND784168AAB,82,67
IND788026AAC,82,67
IND785675AAA,82,67
IND785112AAC,82,67
IND781003AAA,82,67
IND784001AAA,82,67
IND788121AAA,82,67
IND784176AAA,82,67
IND781102AAA,82,67
IND781022AAA,82,67
IND785001AAA,82,67
IND788151AAA,82,67
IND787057AAA,82,67
IND786171AAA,82,67
IND781005AAA,82,67
IND796321AAB,83,2
IND796009AAA,83,2
IND802301AAA,84,3
IND804401AAA,84,3
IND801103AAA,84,3
IND803101AAA,85,6
IND805110AAD,85,6
IND803108AAB,85,6
IND803116AAA,85,6
IND804452AAA,85,6
IND804420AAA,85,6
IND803212AAB,86,3
IND803213AAA,86,3
IND811105AAA,86,3
IND811307AAA,87,4
IND811201AAB,87,4
IND811213AAA,87,4
IND813213AAA,87,4
IND812002AAA,88,3
IND813102AAA,88,3
IND813203AAA,88,3
IND826001AAC,89,31
IND814133AAB,89,31
IND802212AAA,89,31
IND828111AAA,89,31
IND802119AAA,89,31
IND814112AAA,89,31
IND802101AAA,89,31
IND825102AAA,89,31
IND821109AAA,89,31
IND825409AAA,89,31
IND834002AAB,89,31
IND814101AAB,89,31
IND814133AAA,89,31
IND824101AAA,89,31
IND816109AAA,89,31
IND828401AAB,89,31
IND828205AAA,89,31
IND827013AAA,89,31
IND829121AAA,89,31
IND816107AAA,89,31
IND825301AAA,89,31
IND826004AAA,89,31
IND829122AAA,89,31
IND821115AAB,89,31
IND802158AAB,89,31
IND802213AAB,89,31
IND821307AAA,89,31
IND815353AAA,89,31
IND815301AAA,89,31
IND832109AAB,89,31
IND815351AAA,89,31
IND841101AAA,90,3
IND844101AAB,90,3
IND841207AAB,90,3
IND841424AAA,91,5
IND841405AAA,91,5
IND841226AAB,91,5
IND841301AAC,91,5
IND841428AAA,91,5
IND843105AAB,92,25
IND847212AAA,92,25
IND843301AAA,92,25
IND845455AAB,92,25
IND846004AAA,92,25
IND843320AAA,92,25
IND847223AAA,92,25
IND845418AAB,92,25
IND848210AAA,92,25
IND847226AAA,92,25
IND843126AAA,92,25
IND851112AAB,92,25
IND844505AAB,92,25
IND845305AAA,92,25
IND847404AAB,92,25
IND848101AAA,92,25
IND845412AAB,92,25
IND845438AAA,92,25
IND851127AAA,92,25
IND843109AAB,92,25
IND843329AAB,92,25
IND847103AAA,92,25
IND845401AAA,92,25
IND842001AAA,92,25
IND848114AAA,92,25
IND853204AAA,93,15
IND854311AAA,93,15
IND854326AAB,93,15
IND852139AAB,93,15
IND854335AAA,93,15
IND852118AAA,93,15
IND851204AAA,93,15
IND854105AAB,93,15
IND852113AAA,93,15
IND852131AAA,93,15
IND854105AAA,93,15
IND852118A1B,93,15
IND852111AAA,93,15
IND852201AAA,93,15
IND854334AAA,93,15
